title,link,text,is_fake
"«Меня можно признать иноагентом, посадить, убить, но невозможно заставить замолчать»: интервью с главным оппозиционером Григорием Явлинским",https://panorama.pub/news/mena-mozno-priznat-inoagentom-mena,"За всю историю «Панорамы» мы не раз приглашали на интервью опальных деятелей, диссидентов и оппозиционеров. Так,
именно благодаря интервью с Лениным в Финляндии граждане Российской империи
смогли узнать о партийной программе большевиков и причинах подавления Июльского
восстания, а за широко распространившееся в самиздате и заграничной прессе
интервью с академиком Сахаровым главные редакторы издания были удостоены Пулитцеровской премии в 1984 году.В этот тяжёлый для журналистики час интервьюер «Панорамы» Олесь Вавёркин на свой страх и риск взял интервью у
лидера радикальной части российской оппозиции Григория Явлинского, доказывая,
что журналисты издания всегда готовы исполнить свой гражданский долг.Подъезжая к месту встречи, для
дополнительной безопасности мы вынуждены были выйти за километр от
конспиративной квартиры, в которой временно располагается штаб «Яблока» и место
проживания Явлинского. Подойдя к двери, назвав пароль, мы вошли в подпольный
штаб, в котором, несмотря на угрозу ареста, ни на секунду не затихает
конструктивная борьба за российскую демократию.«Вот в этой комнате я выхожу на связь с
Венедиктовым (признан в РФ иностранным агентом)на «Живом гвозде», когда не могу прийти в его студию из-за угрозы планового покушения, – рассказывает нам главный оппозиционер, проводя небольшую
экскурсию по штабу. – А вот тут расположена подпольная типография, в которой мы
печатаем листовки с агитацией за «Яблоко». Разрешения все есть, если что. Работа кипит, как видите. Мы не сдаёмся».Завершив осмотр квартиры и удостоверившись в отсутствии риска
полицейской облавы, мы начинаем наше интервью.— Григорий Алексеевич, спасибо, что согласились на интервью.— Вы – единственное СМИ, которому можно доверять. Только говорите потише, шёпотом,
пожалуйста. Не дай бог, нас соседи услышат.— У нас долгое время не получалось у вас взять интервью. Почему в этот раз
беседа с вами оказалась возможной?— Потому что у власти не было другого выбора. Я намеренно позвонил в Кремль, как
всегда выслушал, что от меня ждут, какие заявления я должен сделать, а потом... Потом я взял
и повесил трубку. Они знали, что я собираюсь дать интервью «Панораме» и не
смогли помешать. Я поставил их перед фактом. Я на шаг впереди. Я не отступлю.— Расскажите в каком состоянии пребывает партия «Яблоко»? Каковы ваша
программа и план дальнейших действий?— Конечно, нам очень тяжело. Меня перестали звать на телевидение, партии
сократили государственное финансирование, убрали упоминание моей программы
реформ из учебников истории. Однако мы не сдадимся. Выгнали из телевидения?
Будем агитировать на других платформах, МАХ, например. Сократили госфинансирование? Компенсируем продажей нового мерча «Яблока».— Однако вас до сих пор не признали иностранным агентом и не завели уголовное дело, хотя риски существуют. Есть ли у вас план на этот случай?— Если меня признают иностранным агентом или посадят в тюрьму, то это будет
конец режима (прим. ред.: после интервью Явлинский попросил нас уточнить, что
речь была о его режиме сна). Все прекрасно знают, что Явлинский и его партия
никогда не финансировались иностранными государствами, а только своим. И членскими взносами. А уголовное дело на меня не за что
завести. Они думают, что если я оппозиционер, то я преступник и уголовник, но я
соблюдаю закон и прицепиться ко мне невозможно. Если меня арестуют, то даже мои
противники поймут, что это всё фарс, потому что все прекрасно знают, что
Явлинский ничего не сделал. Меня можно признать иноагентом, меня можно посадить
и меня можно убить. Но меня никогда невозможно заставить замолчать.— У многих в России возникает ощущение, что вы – спойлер, и изображаете
из себя оппозицию.— Ну, вы же понимаете, что эти обвинения не связаны с реальностью. Что по их
мнению реальная политика? Сидеть в тюрьме? Уехать заграницу и писать в Twitter?
Это реальная политика? Нет. Реальная политика — это здесь, со своим реальным народом. Даже
в рюмочной неподалёку реальной политики больше, чем в Twitter у иноагентов. «Яблоко» уже на протяжении 30 лет защищает демократию в России, и мы никуда не бежим,
мы здесь. Ни одна другая демократическая партия так долго не была на виду в
России. Куда делись все эти декабристы после своего восстания? Куда делись
кадеты после октября? А мы встали и стоим. Пусть немного надломленные, нагнутые,
но стоим.— Вы участвовали в выборах 2018 года, но кампанию 2024-го года вы
пропустили. Почему?— На самом деле ничего я не пропускал. Меня просто не допустили. Я говорил,
что выдвинусь, еслисоберу 10 миллионов подписейза выдвижение. И я собрал даже в 10 раз больше.
Но эти подписи тогда просто сгорели. Иначе всем стало бы ясно, что поддержка властей в соцопросах просто-напросто рисованная, и поэтому они подстроили этот поджог,
чтобы не утруждать себя создавать надуманные поводы не допускать меня на
выборы.— А на выборах в 2030 году будете выдвигать свою кандидатуру?— Посмотрим. Если появится такая же угроза демократии, как Алексей
Навальный, то придётся опять идти на выборы. Я уже неоднократно спасал страну от популизма: в 2012-м, в 2018-м и в 2021-м. Если мне скажут – спасу снова. Вы
знаете, не буду давать никаких обещаний, кто знает, как оно там сложится, но
всё возможно, да. В 2018-м году мне говорили, что я даже процента не наберу, но я
набрал. Набрал бы намного больше, и, скорее всего, победил, если бы не
фальсификации.— И всё-таки, как вы считаете, сможете ли вы достойно заменитьтекущееруководство России?— Я этого не знаю. А вообще, мне сейчас охрана дала сигнал, что нам пора
заканчивать. Есть риск обыска через час и нужно уничтожить все доказательства.
До скорой встречи в конструктивной России будущего.",1
"«Выиграл несколько раз в Спортлото»: главный судья России рассказал, как он стал миллиардером",https://panorama.pub/news/vyigral-neskolko-raz-v-sportloto,"Глава Совета судей России Виктор Момотов в интервью «Комсомольской правде» категорически отверг все обвинения в коррупции и раскрыл секрет своего финансового благополучия — юрист, начиная с 2000 года, регулярно выигрывал в лотерею.«Мне просто очень везёт. Уже 25 лет я каждый месяц покупаю по лотерейному билету «Спортлото» и каждый раз выигрываю. Иногда небольшие суммы, но чаще весьма приличные, от 100 миллионов», – сказал журналистам главный судья России.Свою удивительную удачу Момотов связывает со здоровым образом жизни и патриотическими взглядами.«Мой жизненный опыт говорит, что патриотам везёт больше, чем русофобам. Поэтому хотите быть богатыми и успешными, любите нашу прекрасную страну», – обратился к россиянам юрист.В ближайшее время юрист пообещал передать Генпрокуратуре все выигрышные лотерейные билеты, чтобы у надзорного ведомства не было сомнений в его кристальной честности.",1
"Ирландский дипломат впал в кому, пытаясь перепить белорусского замминистра",https://panorama.pub/news/irlandskij-diplomat-vpal-v-komu,"На дипломатическом приёме в Минске госпитализировали ирландского дипломата Коннора О'Шея, который решил продемонстрировать свои навыки в употреблении крепких напитков, но переоценил свои силы. Мужчина намеревался перепить заместителя министра иностранных дел Владимира Потапова.Соревнование началось с безобидных тостов за дружбу между народами, однако вскоре замминистра дипломатично намекнул на то, что считает застольные способности ирландцев сильно переоценёнными. Через несколько часов, к моменту, когда белорус перешёл на старинные настойки, О'Шей уже с трудом держался на ногах. Затем он попытался выпить литровую бутылку «Крамбамбули», но в процессе потерял сознание и был госпитализирован. Врачи диагностировали алкогольную кому.В МИД РБ заверили, что иностранец действовал на своё усмотрение – будучи взрослым, дееспособным человеком, он сознательно «пошёл на значительный риск, бросив вызов Владимиру Васильевичу – дипломату с огромным стажем». Тем не менее, отмечая «предпринятые огромные усилия» ирландца и его мужество, после выписки ему преподнесут памятный сувенир и приглашение на рыбалку с заместителем министра.",1
Губернатор Вологодской области лично уничтожил бульдозером частный виноградник,https://panorama.pub/news/gubernator-vologodskoj-oblasti-licno-unictozil,"Губернатор Вологодской области Георгий Филимонов в рамках антиалкогольной кампании сам сел за руль бульдозера и уничтожил частный виноградник в посёлке Астафьево. Владелец виноградника пытался защитить свою собственность и был заключён под стражу на 15 суток.Утром 5 сентября в Астафьево привезли бульдозер марки Caterpillar, прибыли журналисты, а через полчаса приехал и сам глава региона. Он лично сел в кабину машины и проехался по винограднику, принадлежащему частному предпринимателю Савельеву. Последний вызвал полицию, но прибывший подполковник заявил ему: «Ты что, не видишь, что это губернатор?», и после непродолжительного совещания с главой региона приказал отправить бизнесмена под административный арест за хулиганство.«Торговцы смертью нам здесь не нужны. Сегодня была показательная акция, но остатки виноградника я распорядился вырубить, – прокомментировал свою инициативу сам Филимонов. – Так называемый предприниматель утверждал, что делает виноградный сок, но все мы знаем, во что превращается виноградный сок уже через несколько недель, если добавить дрожжи и поставить в погреб, потом в нужное время добавлять сахар, снимать осадок, и подавать с белым сыром и оливками при температуре не больше 15 градусов... Получится дьявольский напиток, я хочу сказать, просто дьявольский. Этого нам здесь не надо».",1
Суд запретил песню Михаила Шуфутинского «Третье сентября»,https://panorama.pub/news/sud-zapretil-pesnu-mihaila-sufutinskogo,"Басманный суд столицы полностью удовлетворил иск общественного движения «Русская соборность» о запрете песни Михаила Шуфутинского «Третье сентября» — активистам удалось доказать, что популярная лирическая композиция посвящена не расставанию с любимой, а японскому милитаризму в годы Второй мировой войны.«Мы получали тысячи писем от ветеранов и других заслуженных людей, которые уловили в этой песенке скрытый русофобский смысл. Ведь фразочки про перевёрнутый календарь, костры и друзей с врагами однозначно отсылают к милитаристской Японии», – сказал глава «Русской соборности» Гамлет Лероян.Решение суда уже вступило в силу немедленно, поэтому в течение трёх дней запрещённая песня должна быть удалена стриминговыми сервисами, видеохостингами и другими ресурсами. За распространение или публичное исполнение композиции грозит крупный штраф: физическим лицам придётся заплатить от 100 до 300 тысяч рублей, юридическим – от 3 до 5 миллионов.",1
В Вологде открыли памятник Михаилу Горбачёву,https://panorama.pub/news/v-vologde-otkryli-pamatnik-mihailu,"На Соборной площади Вологды 28 сентября был торжественно открыт памятник первому и последнему президенту Советского Союза Михаилу Горбачёву. В церемонии приняли участие представители КПРФ, духовенства, чиновники и бизнесмены.«Михаил Сергеевич был великим человеком, как многие великие люди, он совершал ошибки. Но все его ошибки компенсируются одним – антиалкогольной кампанией, которую он начал для сбережения советского народа», – сказал губернатор Вологодской области Георгий Филимонов.По информации «Вологодской правды», до конца года во всех школах региона будут проведены занятия памяти Горбачёва. Соответствующие распоряжение учреждения образования получили из администрации губернатора.«На этих уроках нужно рассказать о достижениях последнего главы СССР, а также развеять мифы о его некомпетентности. Особый акцент, разумеется, будет сделан на борьбу с пьянством», –  пишет издание со ссылкой на директоров вологодских школ.",1
"В Останкино выявили диверсанта, продвигавшего в эфир будущих иноагентов",https://panorama.pub/news/v-ostankino-vyavili-diversanta-prodvigavsego,"В телецентре «Останкино» разоблачён сотрудник, подозреваемый в сознательном вредительстве и подрыве идеологической безопасности государства.Следствие установило, что в период с 2016 по 2021 год физическое лицо систематически допускало в эфир телеканалов граждан, которые впоследствии были признаны иностранными агентами.По данным внутренней проверки, вредитель, занимавший должность редактора, целенаправленно выбирал для участия в ток-шоу и развлекательных программах персон с «сомнительной репутацией» и «прозападными взглядами». В результате его действий в эфире федеральных каналов неоднократно появлялись интервью и выступления будущих иноагентов, распространявших «деструктивную информацию» и «подрывавших доверие к власти». Сейчас ведётся расследование с целью установления мотивов диверсанта и выявления его возможных сообщников.«Мы глубоко потрясены произошедшим, – заявил генеральный директор «Первого канала» Константин Эрнст. – Вот так смотришь и сразу несколько передач ведут потенциальные иноагенты. Спрашиваешь у редакторов, кто и как их утверждал, а все только пожимают плечами. В любом случае мы приложим все усилия для того, чтобы виновные понесли заслуженное наказание».",1
«В следующий раз будем нанимать массовку»: генсек ООН глубоко обеспокоен выступлением Нетаньяху перед пустым залом,https://panorama.pub/news/gensek-oon-vyrazil-glubokuu-obespokoennost,"Генеральный секретарь ООН Антониу Гутерриш остался расстроен демаршем дипломатов во время речи премьер-министра Израиля Биньямина Нетаньяху. По мнению Гуттериша, когда «пожилого человека не хотят выслушать – это очень не хорошо».«Я обеспокоен и опечален, потому что у меня самого был опыт публичных провалов. Однажды я выступал на корпоративе ООН и собирался снова рассказать свою любимую шутку. Но как только я открыл рот, все сразу же пошли к шведскому столу за закусками, – посетовал Гутерриш в интервью авторитетному изданию Weekly World News. – Когда вот так обижают невниманием, когда не хотят выслушать пожилого, опытного человека – это не очень хорошо, понимаете, да? Как бы вы себя почувствовали, если бы вас так игнорировали? Это очень плохо, понятно, да? Нам придётся нанимать массовку в следующий раз, но лучше, если никто не будет уходить. Возможно, заблокировать двери будет даже проще».Генсек признался, что его также беспокоит невозможность заставить делегатов усидеть на месте хотя бы 40 минут. В то же время ООН придется поднять плату за аренду зала для израильской делегации, так как из-за её непопулярных выступлений страдает продажа телеправ на трансляцию заседаний генеральной ассамблеи.",1
Торжественно завершено долгожданное объединение Москвы и Петербурга в Москвабург,https://panorama.pub/news/moskvaburg-torzestvenno-zaverseno-dolgozdannoe-obedinenie,"В присутствии Государственного совета, Городских дум и балетных трупп обоих столичных городов объявлено о небывалом событии новейшей истории империи — сего дня повелением всеблагого монарха имперские грады Москва и Петербург навеки слиты в новый административно-культурный центр — славный город Москвабург.В Кремлёвских палатах был торжественно представлен Манифест столичных градов, улаженный пером московского удельного князя Семёна Собянина и графа петербургского Павла Беглова. Князь Московский дал зарок строить новые зоны отдыха, вымостить множество новых каменных мостовых и продлить программу «Московское долголетие», невский градоначальник пообещал завершить строительство Третьего Солевого завода и активно бороться с гололедицей, слякотью и солнечными днями.В специально учреждённой виртуальной Объединённой ратуше принято постановление: сие славное место именовать Москвабургом, на гербе – сфинкс с балалайкой и львиная голова на параде. Всем жителям, пребывающим в сомнении, разрешено называть город в устной беседе Петромосквой.Между Каменным и Александровским мостами купцы уже сняли палаты под новый Манеж-интернационал, а в гимназиях столицы детям велено срочно выучить инаугурационный гимн «Виват Москвабург!».",1
Минздрав США выступил с инициативой приобретения у России 30 тонн анальгина,https://panorama.pub/news/minzdrav-ssa-vystupil-s-iniciativoj,"В ходе выступления в Сенате глава Минздрава США Роберт Кеннеди-младший выступил с инициативой приобрести у России 30 тонн анальгина. Американская сторона намеревается закупить самое массовое российское лекарство, чтобы заменить им парацетамол.Президент США Дональд Трамп ранее высказался о том, что приём парацетамола увеличивает риск возникновения аутизма. В качестве подтверждения он привел в пример состояние Джо Байдена и последние исследования Национального республиканского центра медицины. В связи с этим Минздраву дано поручение о поиске альтернативных лекарственных препаратов.«Русские подошли более основательно к созданию фармакологической промышленности. Они сделали ставку на универсальную таблетку и у них получилось лекарство от всего. В СССР анальгином лечили всё: от поноса до мигрени. Даже мой дядя тайком использовал анальгин от прострелов в голове», – заявил Роберт Кеннеди-младший.Из-за действующих американских санкций стороны не смогут провести рыночную сделку по покупке лекарства. Минздрав США при участии Минфина предложил России произвести бартерный обмен. В обмен на 30 тонн анальгина США передадут России новейшие БПЛА MQ-9 Reaper.",1
Депутат Госдумы предложил заносить россиян в реестр,https://panorama.pub/news/deputat-gosdumy-predlozil-zanosit-rossian,"Депутат Госдумы Вадим Дорохов предложил завести реестр и заносить туда россиян. По словам парламентария, настало время создать эффективные инструменты контроля за гражданами.В первую очередь парламентарий предлагает ввести систему предупреждений. Однако если человек их проигнорирует, то попадёт в специальный реестр, доступ к которому получат государственные органы. Это позволит отслеживать активность фигурантов списка и учитывать её при принятии дальнейших решений.«На мой взгляд, это будет нелишним. Цель инициативы – обратить внимание на таких лиц, ввести действенный учёт. Если это не поможет, будем идти дальше», – сказал он.",1
Доктор медицинских наук рассказал россиянам о пользе терпения,https://panorama.pub/news/ekspert-rasskazal-rossianam-o-polze,"Доктор медицинских наук, заслуженный врач-психиатр РФ Бронислав Рубенштейн в общении с корреспондентом «Панорамы» рассказал о пользе терпения для граждан. По мнению профессора, терпение способствует нормализации гормонального фона, успокоению нервной системы и повышению устойчивости к внешним раздражителям.Рубенштейн предлагает практиковать терпение не реже одного раза в день, сочетая это с чтением новостей или их обсуждением с семьёй за ужином. Также врач напомнил, что наиболее полезно терпение для пенсионеров – оно способствует долголетию и улучшению сердечно-сосудистой системы. Подростки тяжелее всего переносят практику, однако с течением жизни тоже получают навык терпения.«Терпение — это часть нашей русской народной медицины, наша традиция и наша культура,— рассказал эксперт. —  Испокон веков наш народ преодолевал все возможные трудности только благодаря закалке через терпение. Жаловаться, разглагольствовать или возмущаться никогда не поощрялось в нашем обществе, поскольку это отнимает силы и нервы, которые лучше потратить на полезные дела, такие как поднятие демографии»",1
"Сын оренбургского вице-губернатора изобличил коррумпированных автоинспекторов, виртуозно изобразив опьянение за рулём",https://panorama.pub/news/syn-vice-gubernatora-masterski-pritvorilsa,"Сын вице-губернатора Оренбургской области Алексея Лобушкина помог разоблачить двух коррумпированных автоинспекторов в соседнем Башкортостане. Для этого молодой человек виртуозно изобразил, будто управляет автомобилем Maybach в состоянии опьянения, а его приятель сделал компрометирующую инспекторов запись.Инцидент произошёл 25 сентября – после заграничной поездки 23-летний Егор Лобушкин решил отметить своё возвращение с друзьями. Поскольку молодой человек профессионально занимается спортом и не пьёт алкоголь, весь вечер он употреблял безалкогольные напитки, но в целях создания контента для соцсетей налил их в бутылки, внешне напоминающие известные бренды Hennessy и Johnnie Walker. В 03:50, когда компания направлялась в Уфу для продолжения увеселительных мероприятий, на дороге Р-240 их остановили сотрудники ДПС из соседнего региона.«Как следует из видеоролика, записанного на телефон товарища Егора Лобушкина, автоинспекторы в грубой форме проигнорировали предложение молодого человека ознакомиться с государственными регистрационными знаками автомобиля и потребовали от него проехать на освидетельствование. Потерпевший предположил, что ему намекают на дачу взятки и решил подыграть коррумпированным сотрудникам: он начал достоверно изображать признаки алкогольного и наркотического опьянения, озвучил несколько угроз, а затем спросил: «Сколько?». Вместо того, чтобы чётко и прямо отказаться от взятки, автоинспекторы начали требовать от водителя покинуть транспортное средство, после чего разбили окно и провели незаконное задержание всех, кто находился в а/м Maybach. Очевидно, что таким образом они хотели создать основания для повышения суммы взятки», – говорится в пресс-релизе оренбургских силовиков, которые вскоре прибыли в Башкортостан вызволять потерпевших.Лобушкина и его приятелей уже через час доставили в Оренбургскую область, где он добровольно прошёл медосвидетельствование – оно выявило полное отсутствие следов любого опьянения, а также прекрасную физическую форму молодого человека. До выяснения всех обстоятельств инспекторов отстранили от выполнения обязанностей. Сами они настаивают на своей невиновности и утверждают, что якобы только хотели пресечь факт вождения в пьяном виде, а также отрицают своё явное намерение получить взятку.",1
"Далай-лама рассказал, как избавиться от ипотеки и банковских кредитов при помощи реинкарнации",https://panorama.pub/news/dalaj-lama-rasskazal-kak-izbavitsa,"Духовный лидер тибетского буддизма поделился нетрадиционным способом решения финансовых проблем. Его метод предполагает использование цикла перерождений для аннулирования долговых обязательств. Далай-лама XIV объяснил, что, согласно буддийским учениям, долги – это форма кармы, которую можно избежать, правильно спланировав свою следующую реинкарнацию.Он посоветовал за несколько дней до смерти перевести все активы на благотворительные цели, а в предсмертной записке указать, что желаете переродиться в стране с развитой системой социального обеспечения. По словам Далай-ламы, в таком случае все долги автоматически списываются, а новое воплощение получает гарантированный доход.«Ипотека – это иллюзия, – заявил Далай-лама. – Не нужно платить её всю жизнь. Просто переродитесь заново, и всё. Главное – правильно выбрать страну для новой жизни. Швейцария, например, очень хорошо подходит. Мне самому недавно одобрили кредиты в нескольких крупных банках, и я вовсе не собираюсь их возвращать».",1
"В Германии изобрели вакцину, которая вызывает аллергию на мясо",https://panorama.pub/news/v-germanii-izobreli-vakcinu-kotoraa,"Профессор Берлинского университета имени Гумбольдта Ганс Шмидт опубликовал в авторитетном научном журнале Nature статью о новой вакцине, которая вызывает приобретённую аллергию на мясо и маслосодержащие продукты.Как пишет врач, препарат был успешно испытан на тысяче добровольцев, 95% из которых теперь вынуждены придерживаться вегетарианской диеты по состоянию здоровья.«Наше лекарство позволяет человеку сделать осознанный выбор в пользу вегетарианства и избавиться от дальнейших искушений. Один укол – и ты больше никогда не сможешь употреблять мясо без фатальных последствий», – говорится в статье.Руководитель общественной организации «Вегетарианский мир» Карл Шульц призвал прививать новой вакциной несовершеннолетних немцев.«Считаю, что родители имеют право сделать выбор за своего ребёнка. Те, кто осознал вред животных продуктов, могут раз и навсегда оградить своих детей от этой отравы», – сказал активист в эфире телеканала Das Erste.Промышленное производство препарата начнётся в начале 2026 года. Ежемесячно планируется выпускать не менее 10 тысяч доз вакцины.",1
"Бездомные превратили выставку современного искусства в золотую жилу, забросав её нечистотами",https://panorama.pub/news/prevratili-vystavku-sovremennogo-iskusstva,"Неизвестные вандалы – предположительно лица без определёного места жительства – проникли в помещение московской галереи современного искусства до открытия и щедро забросали экспонаты и интерьер выставки нечистотами.  Однако вместо срава выставки они добились её небывалого успеха.Большинство посетителей, пришедших на выставку, не заметили неладного, приняв акт вандализма за часть экспозиции. Особый восторг вызвал тот факт, что следы современного искусства теперь украшали не только полотна, но и стены, пол и даже потолок галереи. В итоге, стоимость экспонатов увеличилась в среднем в 80 раз.«Мы, конечно, были в шоке, когда увидели это безобразие, – признался куратор выставки Антон Викторов. – Нам постоянно говорили, что у нас не искусство, а говно. Но оказалось, что говно тоже может быть искусством, а обычный бомж из Химок способен сказать своё слово в мировой культуре».",1
"Археологи нашли в Помпеях тела двух мужчин, врезавшихся в столб на античном самокате во время извержения Везувия",https://panorama.pub/news/pogibli-vrezavsis-v,"Археологи сообщили, что при исследовании тел двух мужчин, раскопанных в Помпеях два года назад, наконец смогли установить причины их смерти – это вовсе не извержение Везувия, а авария. Пара пыталась сбежать от приближающегося потока лавы на античном самокате, но не справилась с управлением и врезалась в фонарный столб.Останки содержат следы множественных переломов, характерных для столкновения с твёрдым предметом. Рядом с телами нашли фрагмент металлической рамы самоката, отпечаток его колёсного диска и отдельные компоненты мотор-колеса, стакан для античного латте и обломки каменного столба. Анализ направления движения самоката и расположения тел позволил реконструировать их последние минуты жизни.«Причиной аварии, по всей видимости, стало превышение скоростного режима в сочетании с неправильной эксплуатацией (ездой вдвоём) и экстремальными погодными условиями», – рассказали исследователи.",1
"В Краснодарском крае тестируют корову, дающую пальмовое масло",https://panorama.pub/news/v-krasnodarskom-krae-testiruut-korovu,"В ходе реализации всероссийской программы импортозамещения аграрии Краснодарского края представили корову, способную давать натуральное пальмовое масло непосредственно на молочной ферме.Бурёнка содержится на особой диете: корова питается растительными маслами, маргарином, трансжирами, добавками с индексом Е и молочной продукцией кубанского комбината. Это позволяет ей производить продукт, необходимый для кондитерской промышленности.«Сейчас мы ищем генетически модифицированного быка-осеменителя, чтобы создать потомство», – пояснил ведущий генетик предприятия Ефим Лысенков.В идеале зоотехники хотят за ближайшие несколько лет создать стадо пальмомасловых коров. Также генетики считают, что путём экспериментов можно добиться, чтобы животные давали готовый маргарин и даже творог.Разработчики проекта уверены, что уже к 2027 году каждый житель края сможет приобрести кубанское пальмовое масло с гарантированным сертификатом «От чистого вымени — чистому столу». Для поддержания национального колорита на упаковке появится изображение коровы — в платочке, с улыбкой и QR-кодом.",1
"Сечень, травень, липень: лингвисты предложили вернуть месяцам старославянские названия",https://panorama.pub/news/secen-traven-lipen-lingvisty-predlozili,"Коллектив Института русского языка имени Виктора Виноградова завершил работу над реформой по импортозамещению иностранных слов. На первом этапе лингвисты предложили избавиться от навязанного извне римского календаря путём возврата к старославянским названиям месяцев.«Сечень, травень, липень – поражаешься насколько близки к пониманию жизни и природы были наши предки, в отличие от римлян, прославлявших своих богов и руководителей, что было чуждо славянам», – заявил научный сотрудник отдела истории русского литературного языка Василий Куйбеда.Так, начиная с 2026-го, год у россиян будет начинаться с просинца (бывший январь), затем наступит сечень (февраль), весна начнётся с зимобора (март), продолжится цветнем (апрель) и завершится травнем (май), первым летнем месяцем станет изок (июнь), затем липень (июль), а венчает лето серпень (август), осень начнётся с вересня (сентябрь), продолжится листопадником (октябрь), а завершится груднем (ноябрь), первым зимним и последним месяцем в году станет студень (декабрь).Количество дней как в месяцах, так и в году лингвисты менять не планируют, этот вопрос передан на откуп механико-математическому факультету МГУ.",1
Бояре поспорили о необходимости поднимать Фёдора Конюхова со дна Марианской впадины,https://panorama.pub/news/boare-sporat-o-neobhodimosti-podnimat,"В царских палатах Кремля в присутствии Государя собрался люд на заседание Высшего боярского совета, дабы обсудить неприятное известие – уже третью неделю не подаёт сигналов со дна Марианского жёлоба боярин Конюхов – величайший русский пилигрим, естествоиспытатель и расточитель государственной казны.Государь решил послушать высоких людей и принять решение относительно целесообразности извлечения боярина Конюхова с океанических глубин, куда он отправился с патриотическо-просветительской миссией и за жалованье.Одни бояре считают, что на столь глубокой отметке Конюхов наконец нашёл свой истинный вектор духовного развития, другие опасаются, что спасательная операция может не только нарушить мировую экосистему, но и погубить ведущих специалистов Царьспаса.«Да я уже в трактире «Империал» поминальную трапезу заказал. Уже и оплатили её бояре Сечинов и Ротенбергов, а боярин Миллеров даже ногомячиста в Бразилию продал ради банкета. И оркестр уже собрался», – заявил граф Ерофеев.И вот, когда уже публика сняла головные уборы, чтобы почтить память великого русского мужа, в зал буквально ворвался сам виновник обсуждения. Тут же граф Ерофеев торжественно крикнул «Виват! Слава русской науке!», а остальные поддержали его почин. Каждый присутствовавший обнялся с боярином Конюховым. Тот рассказал, что ему не мешало затворничество на дне, за это время он нашёл в кармане дирижабль, надул его и добрался аж до Кремля. Закончив повествование, боярин отправился отдыхать и готовиться к новой экспедиции в жерло вулкана.",1
В Великом Новгороде археологи обнаружили второй том «Повести временных лет»,https://panorama.pub/news/v-velikom-novgorode-arheologi-obnaruzili,"Коллектив археологов из Новгородского государственного университета и специалисты Института археологии РАН в ходе плановых раскопок на территории Ярославова Дворища в Великом Новгороде обнаружили хорошо сохранившиеся пергаментные свитки, предварительно датированные началом XII века.Как сообщил старший научный сотрудник экспедиции профессор Арсений Тишковец, документ был найден в слое, относящемся к домонгольскому периоду, в каменном ларце, защищённом от влаги и кислорода. Благодаря этому текст остался в исключительной сохранности. Палеографический и лингвистический анализ однозначно указывает на то, что документ был создан в 1121 году и является подлинной работой епископа Сильвестра – автора одной из редакций «Повести временных лет». Однако содержание документа оказалось не исторической хроникой, а пророческим текстом, описывающим события вплоть до середины XXI века.«Мы были удивлены содержанию свитков, – заявил профессор Тишковец. – Текст написан на древнерусском изводе церковнославянского языка, стилистика и почерк полностью соответствуют известным образцам работ Сильвестра. Однако его содержание не имеет аналогов в древнерусской литературе. Летопись содержит детальные описания правления Ивана IV Грозного, реформ Петра I, Великой Отечественной войны и эпохи И.В. Сталина. Далее в тексте идёт речь о событиях будущего: объединении России, КНДР, Украины и Белоруссии в новый политический социалистический союз к 2035 году, и последующей ядерной катастрофе в связи с конфликтом СССР и НАТО в 2056 году, которая приведёт к гибели человеческой цивилизации».",1
Учёные: общая теория относительности разработана Александром III во время рыбной ловли,https://panorama.pub/news/ucenye-obsaa-teoria-otnositelnosti-razrabotana,"Новые архивные исследования свидетельствуют о том, что автор общей теории относительности – не Альберт Эйнштейн, а российский император Александр III. Об этом заявили сотрудники Института истории РАН, основываясь на недавно обнаруженных документах.Согласно представленным материалам, ключевые идеи, лежащие в основе теории гравитации, были сформулированы Александром III во время уединенной рыбалки на одном из островов Финского залива в 1888 году. Вдохновением послужил момент, когда император, наблюдая за движением поплавка на воде, осознал взаимосвязь между массой, пространством и временем.Свои мысли Александр III изложил в серии писем к своему другу и советнику, профессору математики Чебышеву, который, к сожалению, не оценил новаторский характер этих идей и счёл их «плодом царской меланхолии». Дальнейшее распространение теории было заблокировано обер-прокурором Святейшего Синода Константином Победоносцевым, усмотревшим в ней «опасное вольнодумство, подрывающее основы православной веры».«К сожалению, политическая конъюнктура и невежество царских чиновников помешали императору опубликовать свои открытия, и слава первооткрывателя досталась другому. Но теперь историческая справедливость восторжествовала, и мы можем с гордостью заявить, что общая теория относительности – это русское изобретение», – заявил директор Института истории РАН, академик Юрий Волков.",1
Сроки добровольной сдачи криптовалюты государству продлили до 1 января,https://panorama.pub/news/sroki-dobrovolnoj-sdaci-kriptovaluty-gosudarstvu,"Государство пошло навстречу гражданам и разрешило им добровольно сдать имеющуюся у них криптовалюту до 1 января 2026 года – в этом случае к владельцам активов не будут применены никакие санкции, связанные непосредственно с фактом владения цифровыми активами. Ранее дедлайн был установлен на 1 октября 2025 года, однако возможностью пока воспользовались немногие.Сдавать активы необходимо, явившись в территориальный орган Федеральной налоговой службы с заранее написанным заявлением, в котором подробно излагаются обстоятельства, при которых лицо завладело криптовалютой, и фиксируется факт раскаяния и осознания противоправности своих действий. Ключи от кошельков необходимо переписать на отдельном листе бумаги и сдать в двух экземплярах (разрешается ксерокопирование).«Под добровольной сдачей криптовалютных активов следует понимать выдачу лицом указанных реквизитов по своей воле или сообщение органам власти о доверенном лице, которое ими располагает, при реальной возможности дальнейшего хранения активов. Не может признаваться добровольной сдачей криптовалюты её изъятие при задержании или при производстве следственных действий по её обнаружению и изъятию», – предупредили россиян.К программе по выявлению цифровых активов также активно привлекают пенсионеров – в отделениях социальных служб и на почте им раздают памятки о том, как по словам в услышанных разговорах и изменившемуся поведению выявить среди родственников лиц, хранящих криптовалюту, и как безопасно сообщить о них. Представители старшего поколения, которые помогут выявить и изъять крупные суммы в криптовалютах, получат импортные наручные часы (производство P.R.C.) с памятной гравировкой и письменную благодарность от органов государственной власти.",1
ЦРУ: Китай построил 40-миллионный город из пенопласта для имитации экономического роста,https://panorama.pub/news/cru-kitaj-postroil-40-millionnyj,"Американская разведка сообщила о плачевном состоянии китайской экономики. По данным ЦРУ, в КНР возведен гигантский мегаполис, полностью состоящий из пенопласта.Цель строительства – создание иллюзии процветания и экономического благополучия для внешнего мира. В городе-муляже проживают подставные жители, а вся инфраструктура, включая автомобили и магазины, выполнена из искусственных материалов. По оценкам ЦРУ, стоимость проекта составляет несколько триллионов долларов.Информация вызвала серьезную обеспокоенность в западных правительствах. Там предполагают, что китайские сухогрузы, якобы перевозящие товары по всему миру, тоже могут оказаться подделками.«Китайцы пошли на крайние меры, чтобы скрыть реальное положение дел. Но мы знаем правду: их экономика – это огромный пенопластовый пузырь, который рано или поздно лопнет», – сообщил анонимный источник в ЦРУ.",1
"Директор Guinness признался в многолетнем плевании в пиво, поставляемое в Россию",https://panorama.pub/news/direktor-guinness-priznalsa-v-mnogoletnem,"Директор пивоваренной компании Guinness Патрик О'Мэлли признался, что протяжении многих лет лично плевал в каждую партию пива, предназначенную для российского рынка. Своё решение он пояснил протестом против политики Кремля, а также сообщил, что ему такой ход подсказала бывшая жена.«Идею подала мне уже бывшая жена Людмила, когда в 2014-м году русские оккупировали Крым и начали сажать за украинский язык в ГУЛАГ, – поясняет директор компании. – Однако прямо мы не могли заявить этого, чтобы не уменьшалась капитализация. Теперь можно сказать правду».При этом директор Guinness подчеркнул, что никоим образом не хотел навредить российским потребителям, а наоборот планировал поддержать их.«Искренне надеюсь, что русские поймут и одобрят моё решение – тем более, они о нём не знали», – резюмировал О'Мэлли.",1
За тёплую погоду в сентябре придётся заплатить налог,https://panorama.pub/news/za-tepluu-pogodu-v-sentabre,"За аномально тёплую погоду в сентябре, наблюдающуюся в отдельных российских регионах, физическим лицам придётся заплатить дополнительный сбор – он составит от 422 до 1268 рублей в зависимости от места проживания, семейного статуса и ряда других параметров. Сейчас готовится соответствующий проект постановления правительства.Как объяснил источник в рабочей группе, климатическая аномалия привела к ощутимой «тряске» в ряде аспектов экономики.«Обычно резко ухудшающиеся погодные условия приводят к различным катаклизмам, коммунальным авариям, повышенному расходу энергоресурсов. Всё это закладывается в детальнейшие планы, которые в этом году оказались сорваны – и это надо компенсировать. С другой стороны, тёплая погода в сентябре и морально, и экономически стимулировала население, у многих подросли доходы, на что тоже должна быть адекватная реакция в контексте налоговой нагрузки», – рассказал собеседник издания.Оплатить новый сбор можно будет в личном кабинете на Госуслугах, при этом для удобства россиян им дадут на это целых два месяца. После истечения крайнего срока на сумму начнут начислять проценты. Власти позаботились о налогоплательщиках и будут регулярно присылать им напоминания на электронную почту, привязанную к аккаунту, а также по SMS и в мессенджеры.",1
Анатолий Чубайс назначен главой «Роскосмоса»,https://panorama.pub/news/cubajs-naznacen-glavoj-roskosmosa,"Премьер-министр России Михаил Мишустин подписал указ о назначении Анатолия Чубайса генеральным директором «Роскосмоса». По информации «Ведомостей», смена руководства государственной корпорации произошла по итогам аудита Счётной палаты — специалисты признали состояние российской космической отрасли неудовлетворительным.«К Чубайсу можно относиться по-разному, но он высококлассный управленец. Таких не то что в России, а и во всём мире – единицы. Поэтому именно он даст второе дыхание всей сфере», – сказал изданию высокопоставленный чиновник.Новый глава «Роскосмоса» поблагодарил премьер-министра за доверие и пообещал «не повторять прошлых ошибок». В ближайшее время топ-менеджер анонсировал новую программу развития отечественной космической промышленности.«Дорожная карта находится в разработке, к концу осени она будет опубликована и вынесена на всеобщее обсуждение. Мы – наследники Королёва и Гагарина, и наш долг – вернуть России лидерство в космосе», – заявил сам Чубайс.",1
"«Tesla сразу станет бесполезной»: выпуск электромобиля «Атом» решили отложить, чтобы не портить отношения с США",https://panorama.pub/news/tesla-srazu-stanet-bespoleznoj-vypusk,"Топ-менеджер проекта отечественного электромобиля «Атом» Александр Гайдар заявил, что выпуск новинки решено отложить, поскольку у России наметилось улучшение отношений с США – новый электромобиль, как считают разработчики, моментально уничтожит мировой спрос на машины Tesla. Такое объяснение прозвучало в ходе форума «ЭкспортПромТех» в Екатеринбурге.По словам Гайдара, «Атом» целиком готов к производству, но запускать его было бы «нецелесообразно».«Я очень сомневаюсь, что президент США Трамп, с которым мы сейчас дружим всей страной, обрадуется, если у его ближайшего соратника Маска начнутся проблемы с экспортом машин Tesla, – сказал он. – Как только мы выпускаем «Атом», Tesla сразу уйдёт на свалку истории, станет бесполезной. Поэтому, и только поэтому, мы пока не торопимся – мир ещё не готов к выпуску нашего автомобиля».Управленец также отверг слухи о том, что выпуск «Атома» не удаётся освоить из-за проблем с локализацией электроники – все необходимые компоненты, говорит он, уже готовы выпускать в России. Закуплена оснастка, созданы технологические линии, но партнёры пока «согласились с недопустимостью разрушения налаженных политических связей» и готовы подождать.",1
Роспотребнадзор изъял и уничтожил 520 тонн плесневелого сыра,https://panorama.pub/news/rospotrebnadzor-izal-i-unictozil,"Роспотребнадзор завершил масштабную внеплановую проверку молочной продукции
в 78 субъектах РФ, в ходе которой было изъято и уничтожено 520 тонн плесневелого сыра. Несмотря на то что часть партий формально находилась в
пределах установленного срока годности, лабораторные исследования показали, что в 62% изъятых образцов обнаружены штаммы грибков рода Penicillium Candidum, Сamemberti, Roqueforti и Brevibacterium linens, способные вызывать аллергические реакции, микотоксикозы и нарушения работы ЖКТ.Проверка была инициирована после многочисленных жалоб граждан
на появление зелёной, чёрной, красной, белой и синей плесени на поверхности сыров.«Срок годности – это не абсолютная гарантия безопасности. Он рассчитан для идеальных условий хранения и транспортировки, но если нарушена холодовая цепь,
если упаковка повреждена или сыр хранился при повышенной влажности, плесень
может появиться и на условно свежем продукте», – пояснили в ведомстве.Сыры, изъятые в основном из крупных торговых сетей, были утилизированы методом
термической обработки на лицензированных полигонах в присутствии контролирующих
органов. Обычная процедура раздавливания бульдозером вызывала «серьёзные опасения» – откопанная продукция могла снова поступить в продажу.Роспотребнадзор также ввёл усиленный контроль за молочной продукцией: с ноября 2025 года все партии сыра, поступающие в розничную сеть, будут проходить
обязательный экспресс-анализ на наличие микотоксинов и плесени. В следующем квартале ведомство намерено провести плановое изъятие прокисших вин избыточно долгого хранения (от 3-5 лет).",1
"Французский акционист, который сжёг 5 чужих автомобилей, отсудил у полиции 90 тысяч евро компенсации за задержание",https://panorama.pub/news/francuzskij-akcionist-kotoryj-szeg,"Известный французский акционист Рафаэль Лапьер выиграл дело против полиции Парижа, которая в 2023 году задержала его при проведении антикапиталистической акции «Великое очищение». В рамках творческого высказывания 47-летний художник разбивал окна в чужих автомобилях в районе Бют-Монмартр, обливал их бензином из канистры и поджигал, но правоохранительные органы приняли его за бездомного под наркотиками и арестовали. Акционисту пришлось провести 9 часов в полицейском участке, прежде чем его не отпустили.Лапьер судился с полицией почти два года – за это время он проиграл иски в двух инстанциях, но выиграл в Высшем апелляционном суде региона Иль-де-Франс. Полицейские настаивали на том, что не могли заранее знать о проведении акции и не обязаны были знать художника в лицо. Кроме того, ранее в рамках досудебного урегулирования полиция и так согласилась уволить сотрудников, участвовавших в задержании, а перед этим заставила их участвовать в «церемонии великих извинений», придуманной самим художником. Несмотря на полное выполнение требований Лапьера, он всё же подал иск на 90 тысяч евро – по 10 тысяч за каждый час, проведённый под арестом.Суд в итоге принял решение, что действия полиции можно было бы считать законными, если бы она действительно задерживала бездомного наркопотребителя, уничтожающего чужое имущество, но фактически же стражи порядка воспрепятствовали гарантированному конституцией праву художника на творческое высказывание и должны компенсировать нанесённый моральный ущерб. Судья также отменила предыдущий приговор, согласно которому Лапьера приговорили к 40 часам исправительных работ за хранение наркотиков, – он доказал, что альфа-метилфентанил нужен был ему для творческих целей, а без него «никакого перформанса не получилось бы».",1
Право россиян на халяву зафиксируют в конституции,https://panorama.pub/news/pravo-rossian-na-halavu-zafiksiruut,"Конституционный суд полностью удовлетворил иск общественного движения «Русская соборность» о признании халявы неотъемлемой частью исторического и духовного наследия народов России.Согласно решению высшего судебного органа, халява – краеугольный камень традиционных ценностей русского народа, поэтому право граждан на её получение должно быть закреплено в Основном законе.Решение Конституционного суда уже вступило в законную силу, теперь Государственная дума и Совет Федерации обязаны в течение 30 календарных внести изменения в законодательство. Депутаты пообещали рассмотреть вопрос «максимально оперативно».Россияне, которым те или иные лица запрещают или препятствуют получению халявы, смогут обратиться по этому вопросу в прокуратуру или Верховный суд.",1
Госдума разрешила россиянам стирать вместе белые и цветные вещи,https://panorama.pub/news/gosduma-razresila-rossianam-stirat-vmeste,"Государственная дума приняла резолюцию, которая официально разрешает россиянам одновременно стирать белую и цветную одежду. Оказалось, что эта проблема волнует миллионы граждан – только за последний год в парламент поступило 10 тысяч обращений россиян по вопросу.«Мы провели все необходимые изыскания и экспертизы, а также посоветовались со специалистами. В современных стиральных машинках не просто можно, а нужно стирать вещи разных цветов вместе. Поэтому если ваша баба разевает варежку по этому вопросу, то покажите ей наше решение», – сказал лидер ЛДПР Леонид Слуцкий.Депутаты планируют не останавливаться на достигнутом и в ближайшее время рассмотрят ещё несколько актуальных вопросов. По информации «Комсомольской правды», парламент планирует разрешить мужчинам разбрасывать носки по квартире, не опускать сиденье унитаза и устраивать «творческий беспорядок».«Парламент наконец-то занялся вещами, которые по-настоящему волнуют нас, российских мужиков. Уверен, что избиратели это оценят», – пишет издание со ссылкой на руководителя одной из фракций.",1
Конгресс США утвердил компромиссную формулировку о «существовании только двух гендеров наравне со всеми остальными»,https://panorama.pub/news/kongress-ssa-utverdil-kompromissnuu-formulirovku,"После ожесточённых дебатов Конгресс США принял компромиссную формулировку о гендерной идентичности – новый билль признаёт «существование только двух гендеров наравне со всеми остальными».Закон, касающийся финансирования образовательных программ, долгое время оставался заблокированным из-за разногласий по вопросу гендерной идентичности. Республиканцы настаивали на существовании только двух полов, в то время как демократы требовали включить в текст закона положения, защищающие права представителей международной организации ЛГБТК+ (внесена в реестр террористических в России). В итоге, была достигнута компромиссная формулировка, которая не удовлетворяет ни одну из сторон в полной мере, но позволяет избежать политического кризиса.Президент Дональд Трамп назвал принятие закона своей личной победой и самым великим законодательным актом в истории США.«Сегодня мы вернули Америке не только традиционную семью, но и здравый смысл, – заявил он. – Теперь все знают, что есть только два гендера, но при этом мы в полной мере уважаем права представителей других, несуществующих гендеров. Несуществующих представителей, если я могу сказать так. Такие моменты – это именно то, что делает эту страну великой».",1
В России запатентовали не имеющий аналогов спрей от самокатчиков,https://panorama.pub/news/v-rossii-zapatentovali-ne-imeusij,"Иркутская компания «СайберПромТех», специализирующаяся на средствах индивидуальной защиты, представила первый в мире спрей от электросамокатчиков. Средство представляет собой аэрозольный баллончик, в который под давлением закачан запатентованный состав с пропеллентом.Производитель утверждает, что его разработка на 40–50% эффективнее против электросамокатчиков, чем традиционные средства борьбы с ними: перцовые спреи, растяжки, гарпуны, ямы с шипами.«Средство создаёт направленную струю, которая бьёт на расстояние до 8 метров при отсутствии ветра, и быстро создаёт облако с высокой концентрацией ирританта, что приводит к дезориентации самокатчика и прекращению движения. Если он едет не один, поражение будет двойным! При точном попадании эффект сохраняется до 2 часов, чего хватит для прибытия соответствующих служб», – говорится в пресс-релизе.Новинка поступит в продажу в ноябре и будет доступна для жителей всех регионов, кроме Москвы, где с 1 января 2025 года горожанам запретили самовольно бороться с самокатчиками. В одной из прокатных компаний уже заявили, что намерены за дополнительную плату выдавать своим клиентам «винтажный защитный аксессуар ГП-7 в стиле индиастриал».",1
В Госдуме запретили СМИ и блогерам использовать фразу «Госдума запретила»,https://panorama.pub/news/v-gosdume-zapretili-smi-i,"Государственная дума единогласно приняла поправки в Кодекс об административных правонарушениях (КоАП), ужесточающие наказание для журналистов и блогеров за злоупотребление свободой слова.По мнению парламентариев, лидеры мнений осознанно искажают большинство инициатив народных избранников и специально создают у россиян негативный образ депутатов. Поэтому в СМИ и блогах с 25 сентября 2025 года запрещено использовать фразу «Госдума запретила».«Откройте любой либеральный, экстремистский, запрещённый Минюстом РФ сайт или паблик, там каждый день публикуются так называемые новости со словами «Госдума запретила». В 99% случаев это наглая ложь и клевета, за которую продажные журналисты должны ответить по закону», – сказала Ирина Буровая.За нарушение новых норм журналистам и блогерам грозит штраф 1-5 млн рублей либо исправительные работы длительностью до трёх тысяч часов.",1
"Для безопасности россиян им запретят пересылать файлы в JPEG, PDF и TXT",https://panorama.pub/news/dla-bezopasnosti-rossian-im-zapretat,"В России с октября усилят цифровую безопасность: теперь рабочим, госструктурам и бизнесу запрещено пересылать документы и изображения с персональными данными россиян через зарубежные облачные сервисы и мессенджеры. Под ограничения могут попасть файлы в популярных форматах — JPEG, PDF и TXT, если они содержат личные сведения и передаются вне российских платформ.Вместо привычной отправки по почте или мессенджерам, компаниям предстоит хранить документы на отечественных серверах и согласовывать передачу с Роскомнадзором. Нарушение требований грозит штрафом от 30 тысяч рублей для физлиц и до 1 млн для организаций.При принятии решений Минцифры руководствовалось соображениями кибербезопасности и борьбы с интернет-мошенничеством. Опираясь на статистику силовиков, чиновники отметили, что именно эти форматы файлов наиболее часто используются хакерами для получения личных данных граждан, а затем нелегального и противоправного использования их.Инспекторы Роскомнадзора и отдела МВД по борьбе с киберпреступлениями получат право на своё усмотрение проверить любой гаджет гражданина на пересылку файлов указанных форматов. Если мошеннические действия не будут выявлены, обвиняемого привлекут к административной ответственности. Чтобы избежать санкций чиновники рекомендовали интернет-пользователям произвести конвертацию файлов в пока ещё разрешённые форматы. Такой функцией с недавнего времени обладает российский мессенджер MAX.",1
"Из Ставропольской краевой думы изгнали депутата, который попробовал в Москве лавандовый раф на кокосовом молоке",https://panorama.pub/news/iz-stavropolskoj-kraevoj-dumy-izgnali,"Ставропольская краевая дума единогласно поддержала инициативу досрочно лишить полномочий 60-летнего депутата от КПРФ Михаила Григорьева в связи с утратой доверия и нарушение Кодекса депутатской этики.В ходе внутреннего расследования было установлено, что народный избранник во время очередной командировки в Москву инкогнито посетил популярную кофейню, где приобрёл лавандовый раф на кокосовом молоке. Полностью осознавая всю порочность своих действий, Григорьев выпил напиток и публично поблагодарил баристу за «прекрасный и вкусный кофе» и оставил ему чаевые.«Нормальный мужик никогда бы не стал добровольно пить это пойло для мужеложцев, а этот извращенец не только употребил, но и похвалил, да ещё и денег дал спекулянту, который готовит подобную отраву», – сказал глава думской комиссии по этике Матвей Платов.Вывести Григорьева на чистую воду удалось благодаря социальным сетям – случайный прохожий зафиксировал посещение кофейни депутатом на камеру телефона, после чего разместил ролик с комментариями в социальных сетях. Видео быстро стало вирусным и в Ставропольскую краевую думу поступило около тысячи обращений от возмущённых граждан.",1
"Россияне, работающие в стратегических отраслях экономики, больше не смогут увольняться по собственному желанию",https://panorama.pub/news/rossiane-rabotausie-v-strategiceskih-otraslah,"Россияне, задействованные в стратегических отраслях экономики, отныне смогут уволиться только по уважительной причине – соответствующие изменения утвердила комиссия правительства по инициативе Минтруда и комитета Госдумы по трудовым ресурсам. К стратегическим относятся не только «оборонка» и топливно-энергетический комплекс, но и гражданское машиностроение, IT, авиация, строительство, металлургия и химпром.Экономисты подсчитали, что ротация кадров наносит существенный ущерб этим отраслям – ежегодно в них сменяется до 20-30% персонала, из-за чего регулярно срываются сроки по важным проектам или выявляются системные недочёты в разработках. По этой причине «собственное желание» больше не считается причиной для ухода.«Причины придумывают разные: у кого-то это отношения с коллективом, кому-то зарплата не нравится – якобы слишком низкая, кто-то не готов работать в северных городах, – поясняет представитель комитета ГД по трудовым ресурсам Ярослав Козлов. – Но отношения с коллективом нужно налаживать, зарплаты у нас нормальные, а работа в суровых климатических условиях закаляет тело и характер. Экономика и интересы государства не должны страдать из-за личных капризов».Параллельно готовится законопроект, который приравняет недобросовестное выполнение рабочих обязанностей в этих отраслях экономики к саботажу и диверсии, – он должен исключить ситуации, когда сотрудник намеренно плохо работает, чтобы его уволили. По словам авторов документа, в обществе есть «большой спрос на наведение порядка во всех отраслях экономики и сильную руку, как при Сталине», и власти стремятся выполнить этот запрос.",1
